INSERT INTO platforms(code, name) VALUES
    ('meituan', '美团'),
    ('douyin', '抖音')
ON CONFLICT (code) DO NOTHING;

INSERT INTO metrics(code, name, value_type, unit, aggregation, description) VALUES
    ('exposure', '曝光量', 'number', '次', 'sum', '平台曝光量'),
    ('exposure_times', '曝光次数', 'number', '次', 'sum', '曝光次数'),
    ('dianping_star_rating', '点评星级', 'number', '星', 'avg', '美团点评星级'),
    ('meituan_star_rating', '美团星级', 'number', '星', 'avg', '美团星级'),
    ('meituan_business_score', '经营评分得分', 'number', '分', 'avg', '美团经营评分得分'),
    ('meituan_business_medal', '经营评分牌级', 'text', NULL, 'latest', '美团经营评分牌级，清洗为金牌/银牌/铜牌/无'),
    ('visit', '访问量', 'number', '次', 'sum', '平台访问量'),
    ('visit_times', '访问次数', 'number', '次', 'sum', '访问次数'),
    ('paid_user_count', '下单人数', 'number', '人', 'sum', '下单用户人数'),
    ('paid_order_count', '下单数量', 'number', '单', 'sum', '支付订单数量'),
    ('lead_user_count', '留资人数', 'number', '人', 'sum', '留资人数'),
    ('intent_user_count', '意向转化人数', 'number', '人', 'sum', '意向转化人数'),
    ('new_favorite_user_count', '新增收藏人数', 'number', '人', 'sum', '新增收藏人数'),
    ('total_favorite_user_count', '累计收藏人数', 'number', '人', 'latest', '累计收藏人数'),
    ('avg_stay_seconds', '页面有效平均停留时长', 'number', '秒', 'avg', '页面有效平均停留时长'),
    ('promoted_exposure_times', '推广通曝光次数', 'number', '次', 'sum', '推广通曝光次数'),
    ('promoted_click_times', '推广通点击次数', 'number', '次', 'sum', '推广通点击次数'),
    ('product_click_times', '商品点击次数', 'number', '次', 'sum', '商品点击次数'),
    ('product_click_user_count', '商品点击人数', 'number', '人', 'sum', '商品点击人数'),
    ('new_customer_count', '新客人数', 'number', '人', 'sum', '新客人数'),
    ('paid_amount', '下单金额', 'number', '元', 'sum', '支付订单金额'),
    ('intent_paid_amount', '意向成交金额', 'number', '元', 'sum', '意向成交金额'),
    ('intent_coupon_count', '意向成交券数', 'number', '张', 'sum', '意向成交券数'),
    ('paid_refund_amount', '成交后退款金额', 'number', '元', 'sum', '成交后退款金额'),
    ('paid_refund_coupon_count', '成交后退款券数', 'number', '张', 'sum', '成交后退款券数'),
    ('paid_refund_user_count', '成交后退款人数', 'number', '人', 'sum', '成交后退款人数'),
    ('intent_refund_amount', '意向退款金额', 'number', '元', 'sum', '意向退款金额'),
    ('intent_refund_coupon_count', '意向退款券数', 'number', '张', 'sum', '意向退款券数'),
    ('intent_refund_user_count', '意向退款人数', 'number', '人', 'sum', '意向退款人数'),
    ('verified_count', '核销数量', 'number', '单', 'sum', '核销订单数量'),
    ('verified_coupon_count', '核销券数', 'number', '张', 'sum', '核销券数'),
    ('paid_coupon_count', '下单券数', 'number', '张', 'sum', '下单券数'),
    ('verified_visit_count', '核销人次', 'number', '人次', 'sum', '核销人次'),
    ('verified_user_count', '核销人数', 'number', '人', 'sum', '核销用户人数'),
    ('verified_new_customer_count', '核销新客人数', 'number', '人', 'sum', '核销新客人数'),
    ('verified_old_customer_count', '核销老客人数', 'number', '人', 'sum', '核销老客人数'),
    ('verified_amount', '核销金额', 'number', '元', 'sum', '核销金额'),
    ('merchant_discount_verified_amount', '商家优惠后核销额', 'number', '元', 'sum', '商家优惠后核销额'),
    ('new_review_count', '新增评价数', 'number', '条', 'sum', '新增评价数'),
    ('new_positive_review_count', '新增好评数', 'number', '条', 'sum', '新增好评数'),
    ('new_neutral_review_count', '新增中评数', 'number', '条', 'sum', '新增中评数'),
    ('new_negative_review_count', '新增差评数', 'number', '条', 'sum', '新增差评数'),
    ('bad_review_reply_rate', '差评回复率', 'number', '%', 'avg', '差评回复率'),
    ('review_reply_rate', '评价回复率', 'number', '%', 'avg', '评价回复率'),
    ('total_review_count', '累计评价数', 'number', '条', 'latest', '累计评价数'),
    ('total_positive_review_count', '累计好评数', 'number', '条', 'latest', '累计好评数'),
    ('total_negative_review_count', '累计差评数', 'number', '条', 'latest', '累计差评数'),
    ('new_neutral_negative_review_count', '新增中差评数', 'number', '条', 'sum', '新增中差评数'),
    ('total_neutral_negative_review_count', '累计中差评数', 'number', '条', 'latest', '累计中差评数'),
    ('new_store_video_count', '新发布门店关联视频数', 'number', '个', 'sum', '新发布门店关联视频数'),
    ('store_video_play_times', '门店视频播放次数', 'number', '次', 'sum', '门店视频播放次数'),
    ('store_rating', '门店评分', 'number', '分', 'avg', '门店评分'),
    ('business_risk_complaint_rate', '经营风险投诉率', 'number', '%', 'avg', '经营风险投诉率'),
    ('business_risk_bad_review_rate', '经营风险差评率', 'number', '%', 'avg', '经营风险差评率'),
    ('business_risk_merchant_refund_rate', '经营风险商责退单率', 'number', '%', 'avg', '经营风险商责退单率'),
    ('store_light_count', '门店点亮数', 'number', '次', 'sum', '门店点亮数'),
    ('post_after_light_count', '点亮后的投稿数', 'number', '个', 'sum', '点亮后的投稿数'),
    ('store_favorite_count', '门店收藏数', 'number', '次', 'sum', '门店收藏数'),
    ('exposure_visit_rate', '曝光访问转化率', 'number', '%', 'avg', '平台提供的曝光访问转化率'),
    ('intent_conversion_rate', '意向转化率', 'number', '%', 'avg', '平台提供的意向转化率'),
    ('order_conversion_rate', '下单转化率', 'number', '%', 'formula', '下单数量 / 访问量'),
    ('verification_rate', '核销率', 'number', '%', 'formula', '核销数量 / 下单数量'),
    ('avg_verified_amount', '核销客单价', 'number', '元', 'formula', '核销金额 / 核销人数')
ON CONFLICT (code) DO NOTHING;

INSERT INTO derived_metric_rules(metric_code, expression, numerator_metric, denominator_metric) VALUES
    ('order_conversion_rate', 'paid_order_count / visit', 'paid_order_count', 'visit'),
    ('verification_rate', 'verified_count / paid_order_count', 'verified_count', 'paid_order_count'),
    ('avg_verified_amount', 'verified_amount / verified_user_count', 'verified_amount', 'verified_user_count')
ON CONFLICT (metric_code) DO NOTHING;

INSERT INTO field_mappings(platform_code, source_field, metric_code, data_type) VALUES
    ('meituan', '点评星级', 'dianping_star_rating', 'number'),
    ('meituan', '美团星级', 'meituan_star_rating', 'number'),
    ('meituan', '经营评分得分', 'meituan_business_score', 'number'),
    ('meituan', '经营评分牌级', 'meituan_business_medal', 'text'),
    ('meituan', '曝光量', 'exposure', 'number'),
    ('meituan', '曝光次数', 'exposure_times', 'number'),
    ('meituan', '曝光访问转化率', 'exposure_visit_rate', 'number'),
    ('meituan', '访问量', 'visit', 'number'),
    ('meituan', '访问次数', 'visit_times', 'number'),
    ('meituan', '下单人数', 'paid_user_count', 'number'),
    ('meituan', '下单数量', 'paid_order_count', 'number'),
    ('meituan', '留资人数', 'lead_user_count', 'number'),
    ('meituan', '意向转化人数', 'intent_user_count', 'number'),
    ('meituan', '意向转化率', 'intent_conversion_rate', 'number'),
    ('meituan', '新增收藏人数', 'new_favorite_user_count', 'number'),
    ('meituan', '累计收藏人数', 'total_favorite_user_count', 'number'),
    ('meituan', '页面有效平均停留时长', 'avg_stay_seconds', 'number'),
    ('meituan', '推广通曝光次数', 'promoted_exposure_times', 'number'),
    ('meituan', '推广通点击次数', 'promoted_click_times', 'number'),
    ('meituan', '新客人数', 'new_customer_count', 'number'),
    ('meituan', '下单金额', 'paid_amount', 'number'),
    ('meituan', '核销数量', 'verified_count', 'number'),
    ('meituan', '核销券数', 'verified_coupon_count', 'number'),
    ('meituan', '核销人次', 'verified_visit_count', 'number'),
    ('meituan', '核销人数', 'verified_user_count', 'number'),
    ('meituan', '核销新客人数', 'verified_new_customer_count', 'number'),
    ('meituan', '核销金额', 'verified_amount', 'number'),
    ('meituan', '商家优惠后核销额', 'merchant_discount_verified_amount', 'number'),
    ('meituan', '下单券数', 'paid_coupon_count', 'number'),
    ('meituan', '新增评价数', 'new_review_count', 'number'),
    ('meituan', '新增好评数', 'new_positive_review_count', 'number'),
    ('meituan', '新增中评数', 'new_neutral_review_count', 'number'),
    ('meituan', '新增差评数', 'new_negative_review_count', 'number'),
    ('meituan', '差评回复率', 'bad_review_reply_rate', 'number'),
    ('meituan', '累计评价数', 'total_review_count', 'number'),
    ('meituan', '累计差评数', 'total_negative_review_count', 'number'),
    ('douyin', '访问次数', 'visit_times', 'number'),
    ('douyin', '访问量', 'visit', 'number'),
    ('douyin', '商品点击次数', 'product_click_times', 'number'),
    ('douyin', '商品点击人数', 'product_click_user_count', 'number'),
    ('douyin', '下单数量', 'paid_order_count', 'number'),
    ('douyin', '下单人数', 'paid_user_count', 'number'),
    ('douyin', '下单金额', 'paid_amount', 'number'),
    ('douyin', '意向成交金额', 'intent_paid_amount', 'number'),
    ('douyin', '意向成交券数', 'intent_coupon_count', 'number'),
    ('douyin', '意向成交人数', 'intent_user_count', 'number'),
    ('douyin', '门店页成交后退款金额', 'paid_refund_amount', 'number'),
    ('douyin', '门店页成交后退款券数', 'paid_refund_coupon_count', 'number'),
    ('douyin', '门店页成交后退款人数', 'paid_refund_user_count', 'number'),
    ('douyin', '门店意向退款金额', 'intent_refund_amount', 'number'),
    ('douyin', '门店意向退款券数', 'intent_refund_coupon_count', 'number'),
    ('douyin', '门店意向退款人数', 'intent_refund_user_count', 'number'),
    ('douyin', '核销金额', 'verified_amount', 'number'),
    ('douyin', '核销券数', 'verified_coupon_count', 'number'),
    ('douyin', '核销人数', 'verified_user_count', 'number'),
    ('douyin', '核销新客人数', 'verified_new_customer_count', 'number'),
    ('douyin', '门店核销老客数', 'verified_old_customer_count', 'number'),
    ('douyin', '新发布门店关联视频数', 'new_store_video_count', 'number'),
    ('douyin', '门店视频播放次数', 'store_video_play_times', 'number'),
    ('douyin', '门店评分', 'store_rating', 'number'),
    ('douyin', '新增评价数', 'new_review_count', 'number'),
    ('douyin', '新增好评数', 'new_positive_review_count', 'number'),
    ('douyin', '新增中差评数', 'new_neutral_negative_review_count', 'number'),
    ('douyin', '累计评价数', 'total_review_count', 'number'),
    ('douyin', '累计好评数', 'total_positive_review_count', 'number'),
    ('douyin', '累计中差评数', 'total_neutral_negative_review_count', 'number'),
    ('douyin', '评价回复率', 'review_reply_rate', 'number'),
    ('douyin', '经营风险投诉率', 'business_risk_complaint_rate', 'number'),
    ('douyin', '经营风险差评率', 'business_risk_bad_review_rate', 'number'),
    ('douyin', '经营风险商责退单率', 'business_risk_merchant_refund_rate', 'number'),
    ('douyin', '门店点亮数', 'store_light_count', 'number'),
    ('douyin', '点亮后的投稿数', 'post_after_light_count', 'number'),
    ('douyin', '门店收藏数', 'store_favorite_count', 'number')
ON CONFLICT (platform_code, source_field) DO NOTHING;
